{
  "house_id": "house7",
  "tariff_type": "Economy_10",
  "total_first_events": 3,
  "total_original_cost": 0.3469179774531024,
  "total_optimized_cost": 0.20911773998917746,
  "total_savings": 0.1378002374639249,
  "average_savings_percentage": 33.081154975014975,
  "shifted_events": 3,
  "optimization_timestamp": "2025-08-13T21:31:31.603554"
}