{
  "house_id": "house1",
  "tariff_type": "Economy_7",
  "total_first_events": 405,
  "total_original_cost": 40.416817066942336,
  "total_optimized_cost": 20.483256362836247,
  "total_savings": 19.933560704106085,
  "average_savings_percentage": 49.38860183239219,
  "shifted_events": 405,
  "optimization_timestamp": "2025-08-13T22:20:00.007836"
}