{
  "house_id": "house20",
  "tariff_type": "Economy_10",
  "total_first_events": 3,
  "total_original_cost": 0.8355124384920634,
  "total_optimized_cost": 0.4177562192460317,
  "total_savings": 0.4177562192460317,
  "average_savings_percentage": 50.0,
  "shifted_events": 3,
  "optimization_timestamp": "2025-08-13T21:31:56.778095"
}