{
  "house_id": "house13",
  "tariff_type": "Economy_7",
  "total_first_events": 3,
  "total_original_cost": 14.643916991152874,
  "total_optimized_cost": 14.397936697236013,
  "total_savings": 0.24598029391686135,
  "average_savings_percentage": 29.05055014960729,
  "shifted_events": 2,
  "optimization_timestamp": "2025-08-13T21:30:40.894701"
}