{
  "house_id": "house6",
  "tariff_type": "Economy_10",
  "total_first_events": 4,
  "total_original_cost": 105.2699461267079,
  "total_optimized_cost": 105.05862595819931,
  "total_savings": 0.21132016850857466,
  "average_savings_percentage": 20.318900385446675,
  "shifted_events": 2,
  "optimization_timestamp": "2025-08-13T21:31:28.923242"
}