{
  "house_id": "house5",
  "tariff_type": "Economy_10",
  "total_first_events": 3,
  "total_original_cost": 1.7011355167393667,
  "total_optimized_cost": 1.5558247449139697,
  "total_savings": 0.1453107718253968,
  "average_savings_percentage": 16.666666666666668,
  "shifted_events": 1,
  "optimization_timestamp": "2025-08-13T21:31:11.654968"
}