{
  "house_id": "house7",
  "tariff_type": "Economy_7",
  "total_first_events": 3,
  "total_original_cost": 0.4182354799783549,
  "total_optimized_cost": 0.21585153796897547,
  "total_savings": 0.20238394200937945,
  "average_savings_percentage": 48.72047510173795,
  "shifted_events": 3,
  "optimization_timestamp": "2025-08-13T21:30:28.700472"
}