{
  "house_id": "house6",
  "tariff_type": "Economy_10",
  "total_first_events": 225,
  "total_original_cost": 253.9555681898004,
  "total_optimized_cost": 233.90048000915178,
  "total_savings": 20.05508818064872,
  "average_savings_percentage": 40.66474221507838,
  "shifted_events": 210,
  "optimization_timestamp": "2025-08-13T22:33:11.123833"
}