{
  "house_id": "house17",
  "tariff_type": "Economy_7",
  "total_first_events": 258,
  "total_original_cost": 32.38925087867688,
  "total_optimized_cost": 16.805777359792987,
  "total_savings": 15.583473518883894,
  "average_savings_percentage": 47.357912366316484,
  "shifted_events": 258,
  "optimization_timestamp": "2025-08-13T22:31:11.230191"
}