{
  "total_houses": 38,
  "economy_7_houses": 19,
  "economy_10_houses": 19,
  "total_original_cost": 20662.37187907617,
  "total_optimized_cost": 19002.580212643756,
  "total_savings": 1659.7916664324132,
  "average_savings_rate": 7.536173259396518
}