{
  "house_id": "house20",
  "tariff_type": "Economy_7",
  "total_first_events": 3,
  "total_original_cost": 0.8355124384920634,
  "total_optimized_cost": 0.41811196924603167,
  "total_savings": 0.4174004692460317,
  "average_savings_percentage": 49.975391774583365,
  "shifted_events": 3,
  "optimization_timestamp": "2025-08-13T21:30:55.263965"
}