{
  "house_id": "house19",
  "tariff_type": "Economy_7",
  "total_first_events": 1,
  "total_original_cost": 0.12742210227272727,
  "total_optimized_cost": 0.06371105113636363,
  "total_savings": 0.06371105113636363,
  "average_savings_percentage": 50.0,
  "shifted_events": 1,
  "optimization_timestamp": "2025-08-13T21:30:53.468829"
}