{
  "house_id": "house4",
  "tariff_type": "Economy_10",
  "total_first_events": 2,
  "total_original_cost": 0.5327480982418962,
  "total_optimized_cost": 0.44387998050199723,
  "total_savings": 0.088868117739899,
  "average_savings_percentage": 25.0,
  "shifted_events": 1,
  "optimization_timestamp": "2025-08-13T21:31:08.137150"
}