{
  "house_id": "house10",
  "tariff_type": "Economy_7",
  "total_first_events": 3,
  "total_original_cost": 0.6270208762626263,
  "total_optimized_cost": 0.4237435353535353,
  "total_savings": 0.20327734090909094,
  "average_savings_percentage": 32.493985573671985,
  "shifted_events": 3,
  "optimization_timestamp": "2025-08-13T21:30:35.945523"
}