{
  "house_id": "house15",
  "tariff_type": "Economy_10",
  "total_first_events": 3,
  "total_original_cost": 0.8408671746031748,
  "total_optimized_cost": 0.4204335873015874,
  "total_savings": 0.4204335873015874,
  "average_savings_percentage": 50.0,
  "shifted_events": 3,
  "optimization_timestamp": "2025-08-13T21:31:44.209166"
}