{
  "house_id": "house3",
  "tariff_type": "Economy_10",
  "total_first_events": 3,
  "total_original_cost": 0.5292704682539681,
  "total_optimized_cost": 0.26463523412698403,
  "total_savings": 0.26463523412698403,
  "average_savings_percentage": 50.0,
  "shifted_events": 3,
  "optimization_timestamp": "2025-08-13T21:31:05.161968"
}