{
  "house_id": "house18",
  "tariff_type": "Economy_7",
  "total_first_events": 3,
  "total_original_cost": 0.36949135642135644,
  "total_optimized_cost": 0.18474567821067822,
  "total_savings": 0.18474567821067822,
  "average_savings_percentage": 50.0,
  "shifted_events": 3,
  "optimization_timestamp": "2025-08-13T21:30:50.725226"
}