{
  "house_id": "house16",
  "tariff_type": "Economy_10",
  "total_first_events": 2,
  "total_original_cost": 0.510787207070707,
  "total_optimized_cost": 0.2553936035353535,
  "total_savings": 0.2553936035353535,
  "average_savings_percentage": 50.0,
  "shifted_events": 2,
  "optimization_timestamp": "2025-08-13T21:31:45.885618"
}