{
  "house_id": "house4",
  "tariff_type": "Economy_10",
  "total_first_events": 248,
  "total_original_cost": 47.052458106841904,
  "total_optimized_cost": 24.54637569505043,
  "total_savings": 22.506082411791468,
  "average_savings_percentage": 48.561070270707845,
  "shifted_events": 245,
  "optimization_timestamp": "2025-08-13T22:32:13.128800"
}