label,cost_Economy_7,cost_Economy_10,cost_Standard,energy_Economy_7,energy_Economy_10,energy_Standard
Appliance3 (Electric Heater),0.77,0.6607,0.7765,2.5891,2.5891,2.5891
Appliance5 (Washing Machine),57.352,57.3541,62.0056,206.6891,206.6891,206.6891
Appliance6 (Dishwasher),82.5983,71.7108,85.2752,284.2526,284.2526,284.2526
Appliance7 (Computer Site),52.9805,48.9626,60.8946,202.9838,202.9838,202.9838
Appliance8 (Television Site),149.5003,124.2071,155.6678,518.8972,518.8972,518.8972
Total,343.2011,302.8953,364.61969999999997,1215.4117999999999,1215.4117999999999,1215.4117999999999
