{
  "house_id": "house1",
  "tariff_type": "Economy_10",
  "total_first_events": 3,
  "total_original_cost": 0.08346860569985572,
  "total_optimized_cost": 0.04176880284992786,
  "total_savings": 0.04169980284992786,
  "average_savings_percentage": 49.98426720646037,
  "shifted_events": 3,
  "optimization_timestamp": "2025-08-13T21:31:00.118411"
}