{
  "house_id": "house9",
  "tariff_type": "Economy_10",
  "total_first_events": 3,
  "total_original_cost": 0.7312112022622845,
  "total_optimized_cost": 0.4025128322819358,
  "total_savings": 0.3286983699803487,
  "average_savings_percentage": 45.55239922157466,
  "shifted_events": 3,
  "optimization_timestamp": "2025-08-13T21:31:36.318820"
}