Shiftability,cost_TOU_D,cost_TOU_D_Base,energy_TOU_D,energy_TOU_D_Base
Base,212.3721,286.0182,476.6975,476.6975
Non-shiftable,587.4436000000001,788.8290000000001,1314.7345,1314.7345
Shiftable,950.0450000000001,1258.1947,2096.9882000000002,2096.9882000000002
