{
  "house_id": "house9",
  "tariff_type": "Economy_7",
  "total_first_events": 3,
  "total_original_cost": 0.8050256645638716,
  "total_optimized_cost": 0.5030889989486026,
  "total_savings": 0.301936665615269,
  "average_savings_percentage": 42.26747909259594,
  "shifted_events": 3,
  "optimization_timestamp": "2025-08-13T21:30:33.707117"
}