{
  "house_id": "house7",
  "tariff_type": "Economy_10",
  "total_first_events": 1184,
  "total_original_cost": 254.70606616360098,
  "total_optimized_cost": 134.96829995818948,
  "total_savings": 119.73776620541149,
  "average_savings_percentage": 46.27420780171774,
  "shifted_events": 1172,
  "optimization_timestamp": "2025-08-13T22:33:31.951304"
}