{
  "house_id": "house2",
  "tariff_type": "Economy_10",
  "total_first_events": 2,
  "total_original_cost": 0.5132320161973076,
  "total_optimized_cost": 0.33020242664103044,
  "total_savings": 0.18302958955627713,
  "average_savings_percentage": 25.938649746148528,
  "shifted_events": 2,
  "optimization_timestamp": "2025-08-13T21:31:03.318425"
}