{
  "house_id": "house18",
  "tariff_type": "Economy_7",
  "total_first_events": 314,
  "total_original_cost": 60.03135444937014,
  "total_optimized_cost": 30.829034425442636,
  "total_savings": 29.202320023927488,
  "average_savings_percentage": 48.82282908896456,
  "shifted_events": 313,
  "optimization_timestamp": "2025-08-13T22:31:15.426344"
}