{
  "house_id": "house2",
  "tariff_type": "Economy_7",
  "total_first_events": 646,
  "total_original_cost": 195.74352097454403,
  "total_optimized_cost": 126.69476097156824,
  "total_savings": 69.048760002976,
  "average_savings_percentage": 37.57213307009465,
  "shifted_events": 636,
  "optimization_timestamp": "2025-08-13T22:22:21.898685"
}