{
  "house_id": "house20",
  "tariff_type": "Economy_7",
  "total_first_events": 426,
  "total_original_cost": 92.6083678605563,
  "total_optimized_cost": 47.768679237569806,
  "total_savings": 44.83968862298648,
  "average_savings_percentage": 47.442705680324735,
  "shifted_events": 425,
  "optimization_timestamp": "2025-08-13T22:31:26.668322"
}