{
  "house_id": "house4",
  "tariff_type": "Economy_7",
  "total_first_events": 244,
  "total_original_cost": 45.304358494551884,
  "total_optimized_cost": 24.7724949169332,
  "total_savings": 20.531863577618697,
  "average_savings_percentage": 45.0746527642354,
  "shifted_events": 240,
  "optimization_timestamp": "2025-08-13T22:28:42.706426"
}