{
  "house_id": "house18",
  "tariff_type": "Economy_10",
  "total_first_events": 3,
  "total_original_cost": 0.37060299278499276,
  "total_optimized_cost": 0.18530149639249638,
  "total_savings": 0.18530149639249638,
  "average_savings_percentage": 50.0,
  "shifted_events": 3,
  "optimization_timestamp": "2025-08-13T21:31:52.289044"
}