Shiftability,cost_Germany_Variable,cost_Germany_Variable_Base,energy_Germany_Variable,energy_Germany_Variable_Base
Base,137.4142,162.0761,476.6975,476.6975
Non-shiftable,382.4183,447.0054,1314.7345,1314.7345
Shiftable,616.6702,712.9730000000001,2096.9882000000002,2096.9882000000002
