{
  "house_id": "house11",
  "tariff_type": "Economy_10",
  "total_first_events": 2,
  "total_original_cost": 0.07249300487012986,
  "total_optimized_cost": 0.040674198863636365,
  "total_savings": 0.031818806006493505,
  "average_savings_percentage": 44.603152207834015,
  "shifted_events": 2,
  "optimization_timestamp": "2025-08-13T21:31:40.905931"
}