{
  "house_id": "house5",
  "tariff_type": "Economy_7",
  "total_first_events": 3,
  "total_original_cost": 1.7635206869679845,
  "total_optimized_cost": 1.6403579677219529,
  "total_savings": 0.12316271924603175,
  "average_savings_percentage": 16.666666666666668,
  "shifted_events": 1,
  "optimization_timestamp": "2025-08-13T21:30:09.049775"
}