{
  "house_id": "house3",
  "tariff_type": "Economy_10",
  "total_first_events": 928,
  "total_original_cost": 219.58572351125193,
  "total_optimized_cost": 120.00408789078242,
  "total_savings": 99.58163562046946,
  "average_savings_percentage": 45.50716771066894,
  "shifted_events": 921,
  "optimization_timestamp": "2025-08-13T22:32:09.109631"
}