{
  "house_id": "house8",
  "tariff_type": "Economy_10",
  "total_first_events": 254,
  "total_original_cost": 57.0451258603341,
  "total_optimized_cost": 32.61288328302602,
  "total_savings": 24.432242577308124,
  "average_savings_percentage": 40.87247626142872,
  "shifted_events": 254,
  "optimization_timestamp": "2025-08-13T22:33:36.764325"
}