{
  "house_id": "house13",
  "tariff_type": "Economy_10",
  "total_first_events": 3,
  "total_original_cost": 13.883963437582075,
  "total_optimized_cost": 13.619100665220047,
  "total_savings": 0.2648627723620273,
  "average_savings_percentage": 33.333333333333336,
  "shifted_events": 2,
  "optimization_timestamp": "2025-08-13T21:31:42.920898"
}