{
    "total_costs": {
        "Economy_7": {
            "Non_shifted_total_cost": 398.5098075605657,
            "Shifted_original_total_cost": 59.13720991972841,
            "Shifted_after_migration_total_cost": 37.37869879523494,
            "overall_cost_before_migration": 457.64701748029415,
            "overall_cost_after_migration": 435.88850635580064
        },
        "Economy_10": {
            "Non_shifted_total_cost": 395.5096359310087,
            "Shifted_original_total_cost": 0.0,
            "Shifted_after_migration_total_cost": 0.0,
            "overall_cost_before_migration": 395.5096359310087,
            "overall_cost_after_migration": 395.5096359310087
        }
    },
    "appliance_costs": {
        "Economy_7": {
            "Non_shifted": {
                "Appliance1": 59.529393579915805,
                "Appliance2": 56.55699199385879,
                "Appliance3": 99.56265571545732,
                "Appliance4": 4.682320886467699,
                "Appliance5": 4.797183283875846,
                "Appliance6": 10.810113135385448,
                "Appliance7": 0.20453029912837836,
                "Appliance8": 22.446982337286844,
                "Appliance9": 139.91963632918961
            },
            "Shifted_original": {
                "Appliance5": 28.29214731370748,
                "Appliance6": 21.492238621864246,
                "Appliance7": 9.352823984156684
            },
            "Shifted_after_migration": {
                "Appliance5": 17.84119317065244,
                "Appliance6": 11.094760369193306,
                "Appliance7": 8.442745255389198
            }
        },
        "Economy_10": {
            "Non_shifted": {
                "Appliance1": 54.86718728728656,
                "Appliance2": 51.94307484964714,
                "Appliance3": 91.78587471616989,
                "Appliance4": 3.783533779865967,
                "Appliance5": 6.353796576734788,
                "Appliance6": 12.85736727111777,
                "Appliance7": 0.9316075230835227,
                "Appliance8": 18.598614768911087,
                "Appliance9": 154.38857915819202
            },
            "Shifted_original": {},
            "Shifted_after_migration": {}
        }
    },
    "monthly_costs": {
        "Economy_7": {
            "Non_shifted": {
                "2013-10": 8.338329241773838,
                "2013-11": 31.016233659650272,
                "2013-12": 39.340572699274446,
                "2014-01": 26.866880472563384,
                "2014-03": 28.462087023212188,
                "2014-04": 16.589048969752856,
                "2014-05": 13.725948932229942,
                "2014-06": 14.816656391432504,
                "2014-07": 17.219511944668483,
                "2014-08": 15.307536735025401,
                "2014-09": 14.87311448943581,
                "2014-10": 13.788549757737028,
                "2014-11": 15.70043387815126,
                "2014-12": 23.1254773241342,
                "2015-01": 13.533275838446578,
                "2015-02": 25.50954719579725,
                "2015-03": 37.2991171272755,
                "2015-04": 18.223818949918137,
                "2015-05": 9.41110797008547,
                "2015-06": 9.923732350423268,
                "2015-07": 5.438826609577922
            },
            "Shifted_original": {
                "2013-10": 0.4788297370100777,
                "2013-11": 1.3473705975616106,
                "2013-12": 1.437809929111387,
                "2014-01": 0.8789465552572419,
                "2014-03": 0.8138008706709957,
                "2014-04": 4.0691844066489065,
                "2014-05": 2.548569349386724,
                "2014-06": 3.5829950006521254,
                "2014-07": 4.5127683715728715,
                "2014-08": 3.445950647075147,
                "2014-09": 2.9404062716103336,
                "2014-10": 2.238894802128427,
                "2014-11": 2.064817240981241,
                "2014-12": 4.770301660353535,
                "2015-01": 3.5553286437728935,
                "2015-02": 5.710092396825392,
                "2015-03": 2.3332057774031525,
                "2015-04": 6.441964524891775,
                "2015-05": 3.4898035920815293,
                "2015-06": 1.7121876545815296,
                "2015-07": 0.7639818901515152
            },
            "Shifted_after_migration": {
                "2013-10": 0.3006942981601731,
                "2013-11": 0.8544599069012532,
                "2013-12": 0.8914920227062691,
                "2014-01": 0.5970901413863905,
                "2014-03": 0.4092750202020202,
                "2014-04": 2.413554866654179,
                "2014-05": 1.806211965818903,
                "2014-06": 2.220870125777001,
                "2014-07": 2.6873510916305916,
                "2014-08": 2.138648523878899,
                "2014-09": 1.7850982419594292,
                "2014-10": 1.297721864628427,
                "2014-11": 1.1624628530844157,
                "2014-12": 2.7144156405122652,
                "2015-01": 2.1709382553071928,
                "2015-02": 4.710762493596676,
                "2015-03": 1.4668489485791985,
                "2015-04": 4.064721136363636,
                "2015-05": 1.8709388174603174,
                "2015-06": 1.101661033639971,
                "2015-07": 0.7134815469877345
            }
        },
        "Economy_10": {
            "Non_shifted": {
                "2013-10": 7.741436567532099,
                "2013-11": 32.48839234752122,
                "2013-12": 42.02701557306113,
                "2014-01": 28.83262513527889,
                "2014-03": 30.774576811236663,
                "2014-04": 16.402736081362008,
                "2014-05": 12.769555192168534,
                "2014-06": 13.767485228505153,
                "2014-07": 15.939984762176955,
                "2014-08": 13.767285822847303,
                "2014-09": 14.019762176243285,
                "2014-10": 12.762154704484724,
                "2014-11": 14.747427308030408,
                "2014-12": 23.07758332323232,
                "2015-01": 12.884849948114686,
                "2015-02": 24.9345916554834,
                "2015-03": 37.347240598956596,
                "2015-04": 18.4259758253552,
                "2015-05": 8.695913990107115,
                "2015-06": 9.140897142568624,
                "2015-07": 4.962145736742424
            },
            "Shifted_original": {},
            "Shifted_after_migration": {}
        }
    }
}