Shiftability,cost_Economy_7,cost_Economy_10,cost_Standard,energy_Economy_7,energy_Economy_10,energy_Standard
Base,117.59479999999999,109.0098,137.3964,457.9911,457.9911,457.9911
Non-shiftable,152.4472,140.56629999999998,175.4976,584.9894,584.9894,584.9894
Shiftable,156.9701,138.8229,182.2487,607.5168,607.5168,607.5168
