{
  "house_id": "house10",
  "tariff_type": "Economy_10",
  "total_first_events": 3,
  "total_original_cost": 0.37317614898989904,
  "total_optimized_cost": 0.2771561420454545,
  "total_savings": 0.0960200069444445,
  "average_savings_percentage": 26.60166727336116,
  "shifted_events": 3,
  "optimization_timestamp": "2025-08-13T21:31:38.515629"
}