{
  "house_id": "house13",
  "tariff_type": "Economy_10",
  "total_first_events": 434,
  "total_original_cost": 164.29060663138944,
  "total_optimized_cost": 113.2006667270201,
  "total_savings": 51.089939904369416,
  "average_savings_percentage": 46.88401810112543,
  "shifted_events": 424,
  "optimization_timestamp": "2025-08-13T22:34:23.171273"
}