label,cost_Economy_7,cost_Economy_10,cost_Standard,energy_Economy_7,energy_Economy_10,energy_Standard
Appliance2 (Freezer),47.9026,44.441,55.5859,185.2973,185.2973,185.2973
Appliance3 (Chest Freezer (In Garage)),141.0462,129.8034,163.975,546.581,546.581,546.581
Appliance4 (Fridge-Freezer),75.83,69.7595,87.4208,291.4002,291.4002,291.4002
Appliance5 (Washing Machine),118.9918,102.2526,119.5274,398.4296,398.4296,398.4296
Appliance6 (Dishwasher),447.1231,407.062,509.5591,1698.5586,1698.5586,1698.5586
Appliance7 (Television Site),184.3701,164.9683,209.0621,696.8739,696.8739,696.8739
Appliance8 (Microwave),10.074,8.792,10.7527,35.8431,35.8431,35.8431
Appliance9 (Kenwood KMix),10.2642,9.5221,10.6302,35.4365,35.4365,35.4365
Total,1035.602,936.6009000000001,1166.5131999999999,3888.4201999999996,3888.4201999999996,3888.4201999999996
