Shiftability,cost_Economy_7,cost_Economy_10,cost_Standard,energy_Economy_7,energy_Economy_10,energy_Standard
Base,123.7326,114.2005,143.0067,476.6975,476.6975,476.6975
Non-shiftable,345.7545,313.0858,394.42,1314.7345,1314.7345,1314.7345
Shiftable,566.1148999999999,509.3146,629.0865,2096.9882000000002,2096.9882000000002,2096.9882000000002
